message-uid,api-key,client-id,client-secret
wcc7vHUcnYpJcba8eiqEmmARtR3cS1PGfVwcc,f494c2f3-2e29-4766-b706-ec9313470472,236dfe767d6e6fa613058cc5cf5afe04,14f9f06fe6f5a995651f54bb9ec51371
c9813ba4-52ee-4c10-9228-a0268529d626,757ff2d4-d02e-4395-9941-a962ab162e28,65274d8ea32d7c1c3410a6b2792c277f,cbd2e69a83aa33abe80684a49260315a
c9813ba4-52ee-4c10-9228-a0268529d626,Contadordecaracteres.com es un cowoei,65274d8ea32d7c1c3410a6b2792c277f,cbd2e69a83aa33abe80684a49260315a
c9813ba4-52ee-4c10-9228-a0268529d626,,65274d8ea32d7c1c3410a6b2792c277f,cbd2e69a83aa33abe80684a49260315a
c9813ba4-52ee-4c10-9228-a0268529d626,757ff2d4-d02e-4395-9941-a962ab162e27,65274d8ea32d7c1c3410a6b2792c2773,cbd2e69a83aa33abe80684a49260315a
c9813ba4-52ee-4c10-9228-a0268529d626,757ff2d4-d02e-4395-9941-a962ab162e27,,cbd2e69a83aa33abe80684a49260315a
c9813ba4-52ee-4c10-9228-a0268529d626,757ff2d4-d02e-4395-9941-a962ab162e27,Contadordecaracteres.com es un co,cbd2e69a83aa33abe80684a49260315a
c9813ba4-52ee-4c10-9228-a0268529d626,757ff2d4-d02e-4395-9941-a962ab162e27,65274d8ea32d7c1c3410a6b2792c277f,cbd2e69a83aa33abe80684a492603eee
c9813ba4-52ee-4c10-9228-a0268529d626,757ff2d4-d02e-4395-9941-a962ab162e27,65274d8ea32d7c1c3410a6b2792c277f,
c9813ba4-52ee-4c10-9228-a0268529d626,757ff2d4-d02e-4395-9941-a962ab162e27,65274d8ea32d7c1c3410a6b2792c277f,Contadordecaracteres.com es un co
